reservation_id,probabilite_annulation,reservation_annulee
R002267,0.4534224925765748,0
R002852,0.292408850153195,0
R003752,0.6357960288870783,1
R009926,0.5471001764948359,1
R000141,0.4803829035148305,0
R004537,0.5451525135194883,1
R004983,0.5052723471900692,1
R005365,0.4806007441675215,0
R006971,0.6520705412544872,1
R008403,0.7550693194037656,1
R008416,0.9136531272810274,1
R009595,0.47318137349855405,0
R009766,0.9131741670033504,1
R000233,0.2422294311883181,0
R000625,0.538923227134978,1
R002042,0.6480221782401818,1
R003015,0.6402049145816038,1
R003117,0.5029307587013263,1
R003148,0.5727135235146784,1
R003676,0.28139164421114343,0
R006636,0.587513220468946,1
R008171,0.24631769449297103,0
R002243,0.39368005277455376,0
R002302,0.38747703144246726,0
R002359,0.48384914721081546,0
R002654,0.22881015117089368,0
R003221,0.5904509527547772,1
R003380,0.5112148218418371,1
R004049,0.5257133503039703,1
R008147,0.6344013414903478,1
R009760,0.37238526324990057,0
R000979,0.6416671134405022,1
R003368,0.6150249408956914,1
R009905,0.6478803745613528,1
R002964,0.2251502839400613,0
R003403,0.5888372740291752,1
R003712,0.318764156959273,0
R004881,0.34433749640154304,0
R006924,0.3619656529688913,0
R008031,0.27862445224150933,0
R009437,0.37482855030392576,0
R000644,0.6296045053390589,1
R002676,0.3755390089007999,0
R003419,0.24801177950143702,0
R005008,0.5063181916691917,1
R005401,0.6141035812168578,1
R005804,0.5648489205647862,1
R007627,0.2697824242412934,0
R007851,0.5389295263645958,1
R000525,0.6573498529378092,1
R002285,0.6183898988845256,1
R003011,0.25380117463538915,0
R004110,0.3330614073747765,0
R004282,0.20401582790173897,0
R004532,0.39177325966715115,0
R004992,0.17667271771770982,0
R009219,0.2775345853028316,0
R009479,0.14262267456452235,0
R009731,0.47135414492022404,0
R003408,0.5724641694265112,1
R004766,0.4533575537435371,0
R005476,0.2256092467451397,0
R009380,0.5864926747711463,1
R000792,0.28876735333634784,0
R001704,0.7068440699222018,1
R004631,0.5450149141347732,1
R005547,0.3430837844265367,0
R006305,0.4302523250124419,0
R008428,0.4847138772407916,0
R009641,0.23807541419260653,0
R000736,0.17897496722159342,0
R001176,0.6906853696535392,1
R002092,0.6243920563535922,1
R005356,0.581186825900884,1
R007599,0.5960358212307859,1
R007696,0.38522866343025464,0
R007792,0.5751590745939799,1
R007832,0.5503178727591457,1
R008743,0.2908225976765494,0
R009077,0.26570622663390936,0
R009886,0.5952045677475972,1
R000268,0.5566684383906747,1
R004304,0.5579999594341928,1
R004455,0.45163424771259963,0
R005150,0.2633409224242104,0
R007424,0.3036270527704315,0
R004557,0.6114990986251015,1
R007129,0.459570454336124,0
R007311,0.5237449102077721,1
R008725,0.3671251677781642,0
R008814,0.5065314105917972,1
R009426,0.4843575823014028,0
R000064,0.45066599701139987,0
R001270,0.4340103560348869,0
R002221,0.5803754519527389,1
R003274,0.5607603171044271,1
R007834,0.18710750105120363,0
R007847,0.6056874264038812,1
R008511,0.2113888418641808,0
R009727,0.27760895252374584,0
R001899,0.5406900782130389,1
R003259,0.29955502215426416,0
R003570,0.42577324755812823,0
R003800,0.4413352799295201,0
R005121,0.5487086250801745,1
R006029,0.5757902419759912,1
R006602,0.37699147764056884,0
R007495,0.38506151700772373,0
R009482,0.45592941315563296,0
R009883,0.6179668113663258,1
R001083,0.6198165997236935,1
R002503,0.32832844216833323,0
R002530,0.33812935076287925,0
R002531,0.18758433423880239,0
R004210,0.6455130851864406,1
R005248,0.7646738046886568,1
R006536,0.6141004566511499,1
R006819,0.2968991101219543,0
R008672,0.41076692456058955,0
R009043,0.35506058563503584,0
R009454,0.614488974300257,1
R000662,0.6169388797723978,1
R002687,0.11636812062619345,0
R002940,0.85211006184248,1
R003028,0.5835460989076322,1
R003673,0.6538577206537428,1
R005329,0.5019772709868995,1
R005607,0.5996392729383658,1
R001350,0.5461568127057148,1
R002425,0.6107130617427735,1
R002490,0.6174459494241297,1
R003061,0.14851594648543487,0
R003184,0.7428950933632295,1
R003367,0.33433057893277873,0
R003580,0.318126267381739,0
R005333,0.6345389359897213,1
R006410,0.7013961278019546,1
R006745,0.61754334768514,1
R008301,0.2597242958329598,0
R009668,0.47331914355881205,0
R001885,0.24505466702023182,0
R003843,0.5080308885475586,1
R006975,0.4240543519612373,0
R007622,0.5625018547368639,1
R008314,0.36616943219532044,0
R000576,0.57751729962401,1
R000643,0.8715626721597325,1
R001751,0.292989428088167,0
R002644,0.3468125541396199,0
R002915,0.3850574750155102,0
R004055,0.5900236978337864,1
R004080,0.2868398059795077,0
R004396,0.2019914609946412,0
R004487,0.3331353369493601,0
R004764,0.6521521690002652,1
R009236,0.4570619158887222,0
R009248,0.24827366312778715,0
R000868,0.16446858210473225,0
R001921,0.5507760157257029,1
R001980,0.24774170651840663,0
R003255,0.1550948607537538,0
R003352,0.9142751909044592,1
R004781,0.5416381711230556,1
R005451,0.4864225801315111,0
R008598,0.6088727136622825,1
R009008,0.5610198208091987,1
R009902,0.3164794477926518,0
R000840,0.30837813440356876,0
R004985,0.36003155276698307,0
R006216,0.698258181088873,1
R006436,0.5322997188071092,1
R006517,0.4736984969363732,0
R007029,0.30398360133171615,0
R008694,0.7490325755144469,1
R009709,0.5024622882541745,1
R000053,0.23581885287229262,0
R001524,0.4404792498137869,0
R002217,0.21080052585239184,0
R003284,0.3850412540431597,0
R004852,0.20545844778302677,0
R006952,0.5312469403969656,1
R008413,0.3998067763530762,0
R009491,0.3902598040685495,0
R009891,0.5328399614644287,1
R000075,0.37674574087670715,0
R001443,0.5438956155857051,1
R001716,0.33840125781605374,0
R002219,0.1762632764006144,0
R003736,0.4657771897198613,0
R004279,0.5837650084088131,1
R005263,0.6116944304362506,1
R005940,0.5742937852931008,1
R006181,0.5034787550697812,1
R006240,0.5482425168753392,1
R006655,0.5842471137717513,1
R006996,0.6659488255962556,1
R007158,0.1533239653139815,0
R008257,0.25626786667589996,0
R001596,0.6387402015205254,1
R001679,0.41220811044445815,0
R003841,0.5120124098030291,1
R006340,0.45881965713892947,0
R007191,0.3798369513844009,0
R007815,0.5263085252178449,1
R008658,0.579510141175292,1
R009907,0.5064641920867885,1
R009942,0.2383488669408617,0
R000237,0.47983893810584033,0
R000785,0.4657928592539562,0
R001208,0.3278199918912577,0
R001392,0.5110222358926951,1
R002478,0.2808562416231181,0
R003276,0.43697878266512885,0
R006442,0.24169778834456815,0
R007884,0.16496192357539027,0
R001513,0.39436843380808734,0
R002750,0.5792414536594187,1
R004480,0.5091263846584132,1
R004553,0.33429602346332,0
R004966,0.42769671251082075,0
R005428,0.575049103244243,1
R005716,0.5631635258040486,1
R006689,0.4470275035560774,0
R000301,0.7077856471735153,1
R001480,0.20321910724208112,0
R002874,0.377794633930548,0
R002886,0.21484434913951186,0
R004994,0.6080842992330522,1
R006983,0.46486154804393676,0
R007743,0.5088633799369255,1
R008452,0.4807709000550105,0
R000114,0.16387379240420832,0
R003883,0.14573700697305145,0
R004393,0.740319097386581,1
R004428,0.6710248796304228,1
R000405,0.6384010823345354,1
R001500,0.2908424989051816,0
R004001,0.5876732913633934,1
R004775,0.24214961112344305,0
R004956,0.15382351371602546,0
R006185,0.6454850095181004,1
R007996,0.2706873604426162,0
R008152,0.9332643882706686,1
R000292,0.48214073443783906,0
R001776,0.4861708272635053,0
R003776,0.6677181368966117,1
R004267,0.5908522039133673,1
R004402,0.35490178471715467,0
R004464,0.1252957581413535,0
R004736,0.30468989633764265,0
R005907,0.28571879456880345,0
R007594,0.6538629938244741,1
R007849,0.5412159768296684,1
R008701,0.6649519382290708,1
R000189,0.5591420433624773,1
R002993,0.3119012875729733,0
R004807,0.501999785162318,1
R005911,0.22535164909252742,0
R006087,0.4530304741873459,0
R007408,0.30559958291720873,0
R007650,0.621018109565526,1
R007983,0.510335199100489,1
R009958,0.6523791170317694,1
R001614,0.27653803676319444,0
R002724,0.5068565803100149,1
R005149,0.2219589885179472,0
R006102,0.3931415586686054,0
R006813,0.6357797932969944,1
R008040,0.4052143027732261,0
R009103,0.3240048399485729,0
R009992,0.5550429059952702,1
R003647,0.1937948576593115,0
R006561,0.5628357167638148,1
R007852,0.3197140835770977,0
R007868,0.3340671153344154,0
R008491,0.544186359741922,1
R008492,0.3677455051103706,0
R009222,0.22050437805166795,0
R001695,0.5683772161734505,1
R003579,0.5576610670191668,1
R004262,0.12358212046086146,0
R007818,0.6032311194218979,1
R008813,0.4913366069037269,0
R008825,0.4596970884584488,0
R008985,0.46738088790108057,0
R000288,0.5216868979814752,1
R000439,0.24288564760353462,0
R001522,0.43853992403974207,0
R003381,0.19948694138059128,0
R004522,0.4727121613049889,0
R009508,0.3712714450593047,0
R000853,0.5435824555166696,1
R001002,0.3821876725396896,0
R002642,0.5780953421415486,1
R006706,0.480323782417662,0
R006959,0.4291133626074242,0
R009334,0.5442664968513404,1
R009553,0.31486047716272625,0
R000134,0.5935227993868241,1
R000854,0.158131751683949,0
R001803,0.6093551563916709,1
R003302,0.4819739661704821,0
R005425,0.49100099266099084,0
R005552,0.4568264845972767,0
R008114,0.6604966697410976,1
R009787,0.4926783049584338,0
R009836,0.6493322051612856,1
R009889,0.5075347016373171,1
R009896,0.6403858221094311,1
R001429,0.5837465852948931,1
R004718,0.22154531562544355,0
R005411,0.2994828485181413,0
R005914,0.14150624204783996,0
R005941,0.4533724765099926,0
R007500,0.6254374255628907,1
R001983,0.23836053882173688,0
R002813,0.4940120260224613,0
R003430,0.4531317410735968,0
R005067,0.41027336900524203,0
R006452,0.6341137334684924,1
R006587,0.7277371824472054,1
R006889,0.1737836798549261,0
R006986,0.5853080319378218,1
R008718,0.4303723948091835,0
R008758,0.5052926908614139,1
R000287,0.3553088813469415,0
R001583,0.5656204907888704,1
R001995,0.3409863717945791,0
R002518,0.25535692875933297,0
R002522,0.4600891185423938,0
R003667,0.7128113611909492,1
R004177,0.5315693660393241,1
R004820,0.5480280326112043,1
R005244,0.6290596670703404,1
R005653,0.5657525096469903,1
R008122,0.3971161995057425,0
R008245,0.5277546631290226,1
R008394,0.5034629559230192,1
R001709,0.8011238145194972,1
R003083,0.5994436492997517,1
R003852,0.6285164574780447,1
R004333,0.7838780373813211,1
R007999,0.6519378546551264,1
R008312,0.31745983587858617,0
R009879,0.5273168886935239,1
R000056,0.5014387160206126,1
R000121,0.44710136720983973,0
R002149,0.37673933854686564,0
R004459,0.48493714184149106,0
R006054,0.5637380324317303,1
R000006,0.5579601465107122,1
R000042,0.4589705180765747,0
R001033,0.5107701576077132,1
R001219,0.6302107400540985,1
R003132,0.35936770485977154,0
R003554,0.13607097306863228,0
R003815,0.5620781649541163,1
R003851,0.5966678460825758,1
R003927,0.5559598292819016,1
R004313,0.3528888523239267,0
R004405,0.5165970938476204,1
R005052,0.6957163377526294,1
R006055,0.7813592289505071,1
R006125,0.5268829828261934,1
R006273,0.396064557345383,0
R006384,0.5734756571587524,1
R006693,0.3793561605527153,0
R007836,0.38628770184875116,0
R008282,0.3878697557545159,0
R009885,0.12802645634576593,0
R001021,0.5124660248424302,1
R001188,0.4880077928426123,0
R001985,0.43622498425078493,0
R002878,0.6362445015951621,1
R003681,0.4987166917446057,0
R005820,0.5693723745849446,1
R007519,0.26232871911719774,0
R009492,0.7247869715220847,1
R009821,0.4562620789875462,0
R000593,0.5439177481098861,1
R000733,0.6056905496247542,1
R001172,0.5438645690478784,1
R001379,0.7730169568422409,1
R001951,0.24095610808365367,0
R002641,0.5535355260382396,1
R003183,0.48554315362183337,0
R004265,0.4905256721382384,0
R006712,0.6602409006700155,1
R009588,0.49357665822343233,0
R000059,0.2335866949420254,0
R000265,0.663390660880253,1
R000406,0.7338493700346801,1
R001641,0.18292826564578601,0
R002352,0.6028009777347126,1
R004559,0.5763468586860738,1
R005783,0.20934623571319552,0
R006534,0.31801004084620654,0
R009531,0.4032922537828812,0
R000081,0.3541682901702624,0
R000186,0.3902038031082405,0
R001027,0.18338514030718994,0
R002782,0.38015852788680515,0
R002807,0.5935529588179271,1
R002838,0.2642245968899098,0
R003817,0.5027545932442131,1
R004359,0.3164393708527675,0
R004373,0.3308862033142413,0
R005063,0.46058300483065506,0
R006206,0.15067961506473512,0
R006514,0.7292787973982423,1
R007661,0.37936915369935786,0
R009789,0.5581376986869564,1
R003606,0.490967612157579,0
R004092,0.5806507453712313,1
R004179,0.6773114931477735,1
R006223,0.4749807455654094,0
R006943,0.6137111154757041,1
R008244,0.5685038764524526,1
R008408,0.25569396730897703,0
R008921,0.568933443570344,1
R009096,0.14351489719982186,0
R000528,0.5079623225344922,1
R001812,0.5574970499903379,1
R001986,0.12910361949115573,0
R002034,0.4168637933790291,0
R004250,0.3910064939517755,0
R004385,0.44767252942256064,0
R007702,0.49556599476136604,0
R007720,0.593781505581849,1
R008759,0.41541287008149597,0
R008768,0.524812566863523,1
R009030,0.530028193123886,1
R009119,0.5217376014066512,1
R000388,0.5180435102891096,1
R002228,0.48159637911112974,0
R002646,0.6867435125972529,1
R002901,0.4840376788461341,0
R003341,0.47572635078524655,0
R004716,0.2683445753152057,0
R007185,0.3157000417970906,0
R008060,0.21621084425498133,0
R008812,0.3794002627798978,0
R000182,0.4266902213319218,0
R000417,0.5778357104828064,1
R000565,0.4583624072872069,0
R000626,0.3975153859953237,0
R002507,0.5990698665699965,1
R002761,0.5729033767319422,1
R003251,0.4338766087799858,0
R004946,0.6846059267102473,1
R006362,0.5080683542094635,1
R006678,0.6509856572621677,1
R006915,0.45648505919950805,0
R006941,0.41415387244332363,0
R007205,0.2209603186485,0
R008850,0.6350181246361883,1
R009386,0.35475555789872854,0
R009973,0.48344060804730044,0
R000737,0.39682043857657834,0
R002543,0.5358096516503805,1
R004297,0.514633805058602,1
R005903,0.582982142263327,1
R006277,0.5637285578498794,1
R008753,0.6060238929784476,1
R009173,0.3709136103118727,0
R009950,0.39026426385409363,0
R000726,0.6749622751129839,1
R001032,0.5906403692826757,1
R002906,0.6120924537122059,1
R004273,0.20311646104471706,0
R004707,0.5739481992139883,1
R004891,0.3003878988534067,0
R005925,0.6496055846814169,1
R006342,0.49320100088597885,0
R006657,0.6684360237518024,1
R009682,0.5491816071284887,1
R000524,0.6344466982901078,1
R000554,0.24064183965716623,0
R000911,0.1905901037918449,0
R001526,0.5189551898680009,1
R001842,0.4056874263688542,0
R002966,0.46839776368440766,0
R003710,0.6318941765407162,1
R004912,0.6791098107935322,1
R004959,0.4789715290599441,0
R005482,0.6266655682046727,1
R006043,0.5322972814744071,1
R006543,0.2639588875649491,0
R007614,0.5491942084017363,1
R009844,0.7061399361813069,1
R001280,0.7312618156908085,1
R001377,0.5548632217028393,1
R001939,0.4594476857776339,0
R002971,0.6721589964317369,1
R005104,0.5200967246220015,1
R006298,0.2931673272997979,0
R006396,0.31754204033306166,0
R007563,0.41163909326132747,0
R009825,0.4131567449731012,0
R001250,0.6155576408469008,1
R003155,0.5150995215285165,1
R003829,0.5875716690443903,1
R004430,0.5833359285623587,1
R006139,0.6089099519153028,1
R004018,0.5885651807827571,1
R004346,0.4187648410744804,0
R007580,0.4825909010892842,0
R008207,0.48472983180936213,0
R009389,0.5028084226917137,1
R009827,0.6205194418875726,1
R001011,0.2545786619838259,0
R001563,0.17496287280998385,0
R002150,0.2648658338950214,0
R003609,0.5617635138053622,1
R004510,0.367547142540778,0
R006300,0.49711056930574965,0
R008055,0.41547979535021884,0
R008521,0.16334769003930483,0
R000544,0.48028547736686733,0
R000658,0.5932076665046411,1
R001100,0.4285802070102234,0
R001710,0.693041320176409,1
R002002,0.3841567874438831,0
R006201,0.5219978556537531,1
R008251,0.611485444356362,1
R000153,0.6564945215287306,1
R002247,0.704270087311396,1
R003268,0.31444097807104543,0
R003908,0.5254485915365233,1
R004281,0.6686175627680455,1
R005728,0.2381608590344911,0
R006033,0.4670421465492692,0
R007039,0.45979176765957963,0
R009135,0.5202382298194413,1
R009818,0.5886735597805414,1
R001020,0.7404971255569835,1
R001093,0.36834586410122405,0
R003176,0.42024648973779916,0
R004068,0.624350805876707,1
R004320,0.3744178702039751,0
R004568,0.5205756728353625,1
R006016,0.3776692252200078,0
R007087,0.3939696173595248,0
R007770,0.43008189882181824,0
R001137,0.4501168917348397,0
R001374,0.43129537694777675,0
R001736,0.5157614413741477,1
R001769,0.4370043271093172,0
R002871,0.49456448485965077,0
R006373,0.2535476493913492,0
R006509,0.48176759107564443,0
R008047,0.5042145904050684,1
R008951,0.3551743477327581,0
R009806,0.16903334571135087,0
R000365,0.6130356336061961,1
R000384,0.6218362642659452,1
R001877,0.386020224930422,0
R003103,0.2631462217912463,0
R003517,0.6622487158207837,1
R005584,0.587113517581262,1
R006690,0.20580165177328058,0
R007826,0.329832634479296,0
R008724,0.653099944157215,1
R009406,0.5463288818969575,1
R009549,0.4272382247496661,0
R001122,0.336663578901763,0
R002597,0.5561248792739721,1
R002847,0.16590091564616136,0
R003382,0.5821066332115276,1
R006754,0.7037485950454059,1
R001341,0.6176764743360706,1
R001767,0.21179854121979722,0
R003393,0.6178404579598632,1
R008818,0.47998629802243287,0
R008908,0.5918863402370345,1
R009649,0.37587254790879493,0
R000196,0.2761534352838176,0
R001582,0.4735430858998836,0
R002305,0.15174709450058005,0
R003135,0.5211753586281312,1
R007075,0.5763767421672294,1
R008795,0.30164042929844975,0
R009133,0.26708102639209497,0
R002963,0.5199660837531249,1
R002970,0.23260494284709163,0
R004978,0.6129879226330568,1
R005840,0.4670327561725738,0
R006837,0.6347265295675942,1
R007301,0.41785580823893165,0
R008170,0.29586105418960834,0
R009225,0.38862180119305356,0
R000357,0.5589737928600113,1
R000457,0.5535281373769592,1
R001490,0.5397806126557585,1
R001547,0.6449378617550954,1
R002086,0.4485485253326307,0
R003072,0.6479732934739884,1
R003355,0.3510459128254737,0
R003806,0.6433913284049683,1
R004242,0.47823305485179285,0
R005418,0.5282288788583741,1
R006468,0.5677115148774082,1
R007455,0.36556372583846586,0
R007493,0.23156431539974387,0
R007680,0.4914637978636352,0
R008426,0.5237714477223372,1
R009582,0.4398156014663397,0
R009664,0.23469153644362428,0
R001046,0.222859625693566,0
R002236,0.5778570590817472,1
R002582,0.2707916639443419,0
R002952,0.20300871020785868,0
R005674,0.37199158983571884,0
R005899,0.5465261713967985,1
R006316,0.41233780128913355,0
R006411,0.5888407553891175,1
R007370,0.5343710034930415,1
R007525,0.6098799973487179,1
R007768,0.33459955705873373,0
R007923,0.5252853921594645,1
R008592,0.3107244703792724,0
R009365,0.1471927909081169,0
R009831,0.3755565347610061,0
R001945,0.46787491515349655,0
R003945,0.1465828279808845,0
R004020,0.5030651544800934,1
R004589,0.30895351005575816,0
R005934,0.32423745467332005,0
R006177,0.2769435872151942,0
R008071,0.4884904719246472,0
R008313,0.518515905186301,1
R009025,0.6520373925879086,1
R009210,0.2193694625495507,0
R001527,0.2540982724444476,0
R002079,0.6826357824384711,1
R002322,0.4402126285146056,0
R004884,0.6482873849526469,1
R007323,0.5276073752886598,1
R008250,0.8702963378262651,1
R008580,0.5274200809130751,1
R001354,0.6938404903968024,1
R002934,0.2852517021072004,0
R005750,0.40190392702219874,0
R006013,0.5943182676785431,1
R008675,0.30790734335863224,0
R008695,0.3610278604406874,0
R008884,0.509471131185956,1
R002240,0.4964029266010075,0
R002268,0.15278190594735783,0
R002590,0.5981296890675982,1
R002891,0.4650720384905271,0
R003314,0.5387088539714847,1
R003470,0.6705777945222736,1
R005026,0.5952527138658251,1
R006417,0.4980293994662188,0
R006613,0.6791561986560779,1
R007044,0.5784482363866953,1
R008061,0.3829753032128993,0
R009163,0.4290742128370546,0
R004317,0.6185883076625266,1
R005298,0.5531050067748926,1
R006354,0.5264631648309331,1
R007164,0.5380450555184461,1
R007325,0.5100553978075452,1
R009323,0.5150013957929047,1
R002483,0.6219810543213999,1
R002801,0.3961713243053921,0
R005032,0.5968755189697715,1
R006454,0.5344783531249355,1
R006872,0.3679154165083064,0
R008331,0.6306709807126715,1
R009152,0.380794462498809,0
R009522,0.19306289084746384,0
R009669,0.47139613223319254,0
R009711,0.16514281398642303,0
R001047,0.41160347740647174,0
R001662,0.5907140965699289,1
R002357,0.606429345972677,1
R005377,0.5823131657754569,1
R005395,0.5908043520308073,1
R006978,0.6560589389655888,1
R000987,0.3124380701638325,0
R001584,0.4216784826374278,0
R002677,0.5795289026212613,1
R002785,0.46628747164079654,0
R003214,0.564219046174764,1
R004211,0.4209389576455055,0
R007879,0.21963909648784302,0
R008086,0.26818239171890934,0
R008666,0.5435550938091155,1
R008740,0.5950997858725474,1
R009644,0.5895685558167637,1
R000739,0.5582984740725325,1
R003457,0.4011217330709694,0
R003964,0.44091057711204296,0
R004739,0.31686324037888136,0
R005053,0.40127517785867367,0
R006218,0.5647175691523586,1
R008938,0.3915520364281878,0
R009570,0.5312278374890905,1
R009589,0.6351762687586963,1
R002402,0.5896395235735303,1
R003172,0.49892669407559453,0
R003340,0.6493932199617594,1
R003445,0.6594228836915443,1
R003597,0.5745646942913807,1
R004391,0.2806374870399103,0
R005457,0.5866648880368579,1
R005551,0.498512371996122,0
R006256,0.5655598946387977,1
R009185,0.6119263792741916,1
R000722,0.21146780555454642,0
R000749,0.7155031567650633,1
R000989,0.4958765456136335,0
R001082,0.6225972720238132,1
R001740,0.22227529370083565,0
R002423,0.563861909244479,1
R002429,0.5483173270155999,1
R005353,0.4369959150870668,0
R005897,0.49957509970092034,0
R006255,0.20200262643325062,0
R006614,0.696208046570773,1
R009355,0.49129592679261413,0
R009448,0.40294560290639514,0
R001428,0.46010132948107135,0
R002420,0.5350430062333932,1
R005281,0.126712862207005,0
R006654,0.4960086608211017,0
R008233,0.735248980366923,1
R008781,0.3181453388929956,0
R009390,0.6499665128863332,1
R000799,0.6250788423524412,1
R002037,0.17772203599656178,0
R002453,0.565283392880968,1
R002996,0.4117255745421398,0
R004563,0.36328162425438393,0
R004661,0.565407318966606,1
R005133,0.20188512169428854,0
R006459,0.22569143153295396,0
R007008,0.5613803184354607,1
R008270,0.6004533472038621,1
R000548,0.3718595049118558,0
R001263,0.3628114947333589,0
R001267,0.5892255542091752,1
R001755,0.25204382275457216,0
R002122,0.3518071900397251,0
R002904,0.32166741466240184,0
R003262,0.3083034891397867,0
R004039,0.6321744849580739,1
R004089,0.24075129472401685,0
R004278,0.5085519672169907,1
R004574,0.4970513664549687,0
R005947,0.4891840742826419,0
R006237,0.5833558844460887,1
R006665,0.5068914112636529,1
R008594,0.23483267354690304,0
R008649,0.46772091228000995,0
R000034,0.632460075213556,1
R001783,0.33615649400983094,0
R001953,0.49074546072006753,0
R002881,0.5743865203664483,1
R004776,0.7268067310519555,1
R005078,0.24940467237452393,0
R006343,0.5813925539095011,1
R006616,0.6442506157500885,1
R007038,0.43516815560983924,0
R008212,0.2602567031971992,0
R002648,0.6225356202616641,1
R002959,0.6292527854003742,1
R003462,0.5773008355067862,1
R004375,0.4286253413014412,0
R005355,0.31934244791942057,0
R006412,0.5726618132910004,1
R008258,0.5158018612316903,1
R009951,0.46303404772538925,0
R001822,0.463474227616963,0
R001981,0.7412255682557426,1
R002805,0.5457998540647864,1
R003418,0.5530549639545443,1
R006530,0.37747297201549124,0
R007422,0.4334702894782699,0
R000423,0.5294842207012355,1
R001186,0.18699667670018827,0
R001378,0.1402372679763713,0
R002301,0.49816451685183266,0
R002630,0.21557630119461457,0
R003663,0.2989269451711478,0
R003808,0.5304425214889177,1
R004650,0.12271431091819975,0
R004747,0.6671572073270549,1
R005553,0.43814088384721905,0
R006532,0.23993482480154435,0
R006799,0.5589019462423666,1
R007116,0.44325055052613865,0
R009379,0.45110629352111664,0
R000965,0.11387233936678892,0
R001119,0.5967222703872052,1
R001318,0.28846323619540326,0
R001937,0.6017221345985466,1
R002253,0.2223458300654698,0
R003782,0.3287604922293479,0
R003890,0.682805631356131,1
R004152,0.12179634944376906,0
R006877,0.5050582629582916,1
R007210,0.45372660927868647,0
R008128,0.545861023002488,1
R008151,0.5652518198383024,1
R009201,0.3788057684262361,0
R009847,0.4725791369068702,0
R000560,0.4443748433681433,0
R003288,0.4019687371997491,0
R003869,0.24886316559004026,0
R004048,0.28884853794955795,0
R004306,0.44699235138543575,0
R004632,0.3842423727750004,0
R006047,0.4976580211280836,0
R006359,0.5684522254852882,1
R008179,0.5840851253213908,1
R009577,0.6974264023769853,1
R009758,0.48858655371341336,0
R002931,0.24017172479572066,0
R002944,0.5572773608280386,1
R005807,0.5033903764373874,1
R006088,0.44723609043528945,0
R009784,0.41294827627459757,0
R000090,0.7467555446882492,1
R000852,0.6340814306625929,1
R001286,0.4790312671031041,0
R001322,0.25856025413403655,0
R003180,0.6497671930024359,1
R003258,0.41484660351823893,0
R003899,0.6138412810190245,1
R005730,0.43765317258372394,0
R006428,0.6786973263742787,1
R006933,0.1828078402292548,0
R008382,0.4565734483446345,0
R009563,0.31448881309728166,0
R000514,0.4524259687650292,0
R000556,0.5350162637527266,1
R005456,0.48600768522366755,0
R006421,0.3177457884717713,0
R007830,0.38311266344125194,0
R008283,0.6613649139469177,1
R008601,0.3659660736873127,0
R009465,0.28562462980674225,0
R000067,0.6067644267948443,1
R000703,0.8321075581734811,1
R001059,0.5614154227924686,1
R002035,0.5834172668721928,1
R002855,0.36626752025403864,0
R003203,0.4622750280812073,0
R005233,0.7150541843995408,1
R006162,0.2117380774637587,0
R006224,0.10057527011354464,0
R006863,0.5730831960093772,1
R008172,0.8334724114189859,1
R008637,0.5884076918585406,1
R009316,0.6231158800091675,1
R009344,0.4265408664596991,0
R002440,0.6402751216764679,1
R002689,0.5006275045892633,1
R004512,0.5963598414781315,1
R006176,0.24198010603243203,0
R006835,0.624120772090368,1
R006958,0.486990245966937,0
R007057,0.2418823624310686,0
R008074,0.5130690133496142,1
R008696,0.15754536245790476,0
R000296,0.45268238479097483,0
R002148,0.4039268846867945,0
R003060,0.5221858903736478,1
R003201,0.646485686510357,1
R003887,0.4600283632014308,0
R004577,0.5797311005139816,1
R005595,0.6057888426931163,1
R006499,0.18777644277608074,0
R008177,0.2815565954079734,0
R009116,0.24206447820420715,0
R009347,0.6438641352414778,1
R009750,0.26136872701052444,0
R000018,0.5093732278697544,1
R000200,0.4432730962382004,0
R002872,0.15825747397592688,0
R003508,0.2344572857938778,0
R004169,0.6303338902276592,1
R004207,0.6591746827421062,1
R004828,0.237517214240133,0
R006286,0.6425372590407323,1
R004497,0.6954908099907405,1
R006311,0.6299845846903241,1
R008121,0.25828650667338565,0
R008843,0.2979521701826165,0
R008846,0.1362769848706179,0
R009050,0.5956930338856922,1
R009063,0.4712020827307862,0
R009584,0.40556109843277627,0
R009707,0.5166690592253925,1
R001461,0.33255276036493636,0
R001542,0.5404470171326466,1
R005689,0.48168364391469265,0
R005731,0.32081412130745207,0
R007281,0.4306021992130628,0
R007675,0.4713070700339907,0
R008390,0.2508123743970532,0
R009020,0.41601928194443727,0
R000143,0.31841462601031534,0
R000903,0.46108186052943745,0
R001476,0.4516137028570656,0
R002246,0.3159228034448591,0
R002459,0.5126614433974224,1
R002479,0.5830316250678244,1
R002978,0.6090367403326217,1
R003553,0.4267885859676811,0
R004501,0.5377863666763959,1
R004701,0.5432855742497984,1
R005594,0.4006567916946362,0
R006400,0.2833801598774899,0
R007024,0.3350369510651185,0
R008853,0.2693433971996887,0
R009045,0.601182432501535,1
R009908,0.5725765303519309,1
R000069,0.3535060967186733,0
R003104,0.6595067921501975,1
R005349,0.3833346817049273,0
R006686,0.3506022851535794,0
R008575,0.27044331416197964,0
R009088,0.36912750988085946,0
R009182,0.1495741121648813,0
R000575,0.16009201663114847,0
R001996,0.560269130434118,1
R003397,0.43579827495340007,0
R004021,0.513231158112483,1
R004263,0.5539549640751882,1
R004540,0.3567934934368332,0
R004737,0.4574333714324143,0
R005705,0.1863343685621495,0
R005754,0.2958558115354897,0
R006325,0.25637570124414183,0
R000073,0.09324627161114453,0
R000994,0.4298035376585294,0
R004792,0.23555436690989565,0
R004875,0.6828167340226722,1
R005278,0.4034242728444642,0
R007373,0.5384432825834486,1
R007487,0.21839643658445015,0
R008719,0.5976745371279804,1
R008869,0.1806496607749503,0
R009305,0.320690612226054,0
R001151,0.24058692819949415,0
R001340,0.3648110528471735,0
R003080,0.6532841402830334,1
R003879,0.5108905211076121,1
R004162,0.36355077237034944,0
R004368,0.4347491310245158,0
R005106,0.5726952419714945,1
R007251,0.4897763714523087,0
R009970,0.4840303924098581,0
R003098,0.6329537073177973,1
R003867,0.4479166985071836,0
R004066,0.5101773232407882,1
R004188,0.3580627953505823,0
R004192,0.4477754470705619,0
R005442,0.414333380706094,0
R005453,0.6844589872212672,1
R005567,0.46762001154632143,0
R005805,0.6497409472733631,1
R007579,0.5363145088078193,1
R008124,0.4506609208454677,0
R009366,0.5647446652862478,1
R009676,0.5097350151669513,1
R009710,0.5195709816997097,1
R000026,0.23549618504932074,0
R002054,0.3662957242705859,0
R002656,0.178139430983579,0
R003157,0.4600185592786408,0
R004108,0.7758671360993207,1
R004142,0.4517665509988627,0
R004322,0.18017103944674423,0
R005978,0.453160417106128,0
R007368,0.2623728512246514,0
R007899,0.42472684012408357,0
R008805,0.39112486809840813,0
R000226,0.40800577541224836,0
R000247,0.3313514631094683,0
R000433,0.23920424152872177,0
R002016,0.2821733242951339,0
R003718,0.2513989566378226,0
R005835,0.2940576026699738,0
R007776,0.30899013769681055,0
R007881,0.5813264747874367,1
R008410,0.7477905974766388,1
R009934,0.6572010110705712,1
R001170,0.49775144031033963,0
R001919,0.248660266622881,0
R001967,0.5214333987694089,1
R005951,0.8848021785943841,1
R006723,0.42922013220931116,0
R008044,0.4220118093662848,0
R000564,0.30860606788177614,0
R001455,0.33572366272394477,0
R006235,0.4461375726628434,0
R006695,0.45811622741409463,0
R008202,0.5435342249092867,1
R000680,0.7038153647933846,1
R001160,0.2542441352024006,0
R001765,0.6370592626342368,1
R002740,0.4979260021203108,0
R006882,0.41620624383187566,0
R006981,0.483192722769637,0
R007955,0.47695929543864574,0
R009081,0.2998168513741596,0
R001586,0.495463894891065,0
R003550,0.1985386688217762,0
R003689,0.6057648480185546,1
R004182,0.3083920012837929,0
R004240,0.6706829361625248,1
R005211,0.6137027663049243,1
R007201,0.469044406169602,0
R007407,0.31484808231681355,0
R007801,0.587798357293412,1
R008085,0.5347446172856901,1
R008765,0.47209038989149127,0
R009487,0.3386776162085211,0
R000649,0.3988654868279808,0
R003066,0.2928808744763553,0
R003159,0.1925760762644331,0
R004973,0.4782445145080712,0
R005511,0.32673408047213137,0
R005760,0.30869063233758665,0
R006791,0.47481761899748204,0
R008294,0.2781677447728101,0
R008296,0.2813464948670496,0
R008671,0.41753427175704066,0
R002586,0.5709334711517521,1
R003427,0.4580603510505791,0
R003794,0.2560535743606346,0
R004008,0.1841313014866932,0
R004019,0.3116665651493084,0
R005954,0.17043924547993247,0
R006617,0.9385730435784048,1
R006676,0.19723710055088262,0
R007183,0.5019496096487999,1
R009327,0.2981042881016132,0
R000070,0.5313890573098048,1
R000825,0.4321570496309939,0
R001660,0.30841345933381203,0
R003102,0.3481745565507325,0
R004687,0.5791044820179636,1
R005968,0.35490731283099697,0
R006942,0.4466530038715829,0
R007346,0.2640913360521559,0
R008722,0.45815395957247873,0
R000861,0.5373776448237058,1
R002114,0.5467034753087392,1
R003356,0.5522224082251536,1
R005016,0.4711741103044933,0
R005905,0.36595294420586877,0
R005906,0.3496526286073343,0
R008723,0.2694960914839611,0
R009349,0.21982088165217578,0
R000812,0.49903382749615854,0
R002207,0.39605492586610397,0
R002316,0.4487728118120124,0
R002486,0.4354904445337626,0
R004222,0.8687333317079763,1
R004850,0.5045346647915835,1
R005935,0.6641990835575886,1
R006622,0.5185994579306189,1
R007824,0.3348721892087168,0
R008036,0.6531185976182406,1
R000945,0.2901495213069693,0
R001516,0.4717854008456452,0
R003079,0.5553955198920015,1
R003761,0.38707789790046565,0
R005030,0.5539798120262449,1
R005733,0.5103719990141942,1
R007389,0.5205667089478861,1
R007492,0.16383550144081802,0
R008033,0.5743375687763436,1
R008169,0.4622660088280255,0
R009618,0.4305832203866327,0
R000470,0.5038545253126345,1
R001104,0.20596315552669262,0
R002248,0.2962682405731789,0
R003329,0.2496085514631495,0
R007667,0.7016654746502408,1
R001144,0.28619269999100283,0
R002295,0.21730542094167116,0
R002577,0.14686484942187372,0
R006767,0.5735946393051402,1
R008162,0.20753257236275985,0
R008670,0.6736115411915269,1
R009523,0.5957605867250338,1
R009856,0.2918531916910734,0
R000483,0.2581878575484582,0
R001733,0.46318974730075174,0
R002201,0.21260775627651304,0
R002448,0.5163697860113795,1
R003790,0.6629643543324784,1
R006106,0.1750700564896839,0
R006890,0.4808701197034296,0
R007142,0.36790931661410375,0
R007856,0.40019975377059797,0
R009526,0.26827886898466746,0
R002249,0.3963009050686573,0
R003186,0.37073109938383925,0
R006166,0.6279404606614173,1
R006221,0.632416324056979,1
R006251,0.5354816299081341,1
R007001,0.3532187520128404,0
R009499,0.34211645974595395,0
R002287,0.13951334938646842,0
R002318,0.5818310587473845,1
R002770,0.6095974129649776,1
R002896,0.4151957843715376,0
R003758,0.20487448134426095,0
R004475,0.19074268736080205,0
R004674,0.5027493435799494,1
R006128,0.5654731719715153,1
R007676,0.45365759128853994,0
R007946,0.730481812687229,1
R008539,0.5812294618584091,1
R008593,0.37185275852391775,0
R008716,0.4925809645604631,0
R008777,0.5197757072836594,1
R008791,0.26847467367749894,0
R009035,0.6599069238931821,1
R000091,0.4302197347353096,0
R000398,0.5210113151445679,1
R001175,0.16536412582161625,0
R005317,0.2174194615377818,0
R005546,0.2322200925939967,0
R005633,0.540864353205706,1
R008630,0.3064983659686749,0
R008988,0.2723056248364971,0
R000765,0.5871822756544374,1
R001829,0.5143639536787711,1
R002120,0.27627463940476116,0
R003930,0.38402998515098224,0
R006239,0.4659681605220535,0
R007432,0.5034864684490263,1
R007907,0.460555588022094,0
R008364,0.6989376180763232,1
R009258,0.30419806810565747,0
R000240,0.5520998256422661,1
R000912,0.3031110354027416,0
R006155,0.526632735841129,1
R006287,0.16440709402040748,0
R008680,0.248450200218483,0
R009314,0.21669913173877386,0
R009532,0.7148959753253303,1
R001914,0.4655815635894759,0
R002229,0.457217789726997,0
R002361,0.273682780428101,0
R003917,0.21716730161309664,0
R005836,0.45458943710882593,0
R005992,0.5934835246346885,1
R007914,0.495927096215112,0
R000919,0.46734048642893516,0
R001307,0.3593710062858089,0
R001400,0.13182884933091016,0
R001537,0.2053084717626344,0
R001637,0.27926751109999376,0
R002447,0.3271684567592427,0
R002691,0.6127082532184928,1
R005253,0.5749276666476143,1
R005625,0.5774392531408512,1
R009937,0.6869700132800028,1
R009978,0.4732202533064075,0
R000317,0.5272820342279952,1
R000578,0.1977321678341626,0
R001502,0.4463253942997588,0
R001711,0.5955431659790188,1
R003277,0.3811732243787577,0
R003915,0.5844158274988286,1
R005600,0.24210271622856638,0
R006771,0.4667860275694773,0
R008968,0.5038832490691636,1
R009075,0.35725180055463585,0
R009168,0.6463931225928022,1
R009764,0.3455261939203828,0
R000934,0.575448166079701,1
R003147,0.5955648145843642,1
R003230,0.7575527284372118,1
R007891,0.5874359769753635,1
R008714,0.622363276932275,1
R001433,0.6956908673579854,1
R003901,0.5934698295101303,1
R004155,0.3856503403030884,0
R005996,0.40688173256832505,0
R006900,0.3270215823306995,0
R007081,0.5442170589828506,1
R007250,0.5024181917018853,1
R001396,0.46649337533872204,0
R003459,0.5400561393451055,1
R005337,0.38171958448583565,0
R000185,0.43136584067728434,0
R000426,0.5475051446862979,1
R000588,0.639403816480525,1
R000589,0.40022273788163953,0
R000776,0.5552758232047066,1
R000885,0.4055381257169615,0
R001373,0.24292046626545838,0
R001403,0.37416435249766516,0
R001610,0.3279689311642645,0
R002143,0.6915193474821726,1
R004521,0.26313388092955825,0
R005960,0.6102430162659498,1
R007247,0.6654974737720663,1
R008438,0.20761608518392496,0
R009674,0.3943229965007616,0
R000341,0.4773490418417861,0
R000487,0.6276901254271765,1
R001085,0.5346516762540596,1
R003003,0.33776784552647204,0
R003561,0.5495165848209063,1
R004070,0.617973628765145,1
R004147,0.6054622933567756,1
R004918,0.39065333980310957,0
R005170,0.16049530999633244,0
R005225,0.48235420598744805,0
R006934,0.5588199334154726,1
R007071,0.3839273743250001,0
R008875,0.28751670316960715,0
R000005,0.6741025918609419,1
R000600,0.5070103021261307,1
R002809,0.6013145357333128,1
R002869,0.3956435791332301,0
R003254,0.7701888259391678,1
R005572,0.5803254838811508,1
R006053,0.6270963011621361,1
R001726,0.469591259942672,0
R002029,0.34273044487155047,0
R002110,0.3817778597141653,0
R002474,0.409454762097285,0
R003051,0.5507149888952757,1
R003785,0.5281224366953511,1
R004036,0.19827017242643405,0
R005341,0.5653366964043277,1
R005533,0.7062533067751298,1
R006521,0.6135083410503979,1
R008067,0.4224945719230562,0
R009243,0.252759574486031,0
R000709,0.42374133196437896,0
R000887,0.6471363683938021,1
R002064,0.6363070845888681,1
R002491,0.6072755810274002,1
R003433,0.4212693345961222,0
R003959,0.37399292951436625,0
R008218,0.4072447696734041,0
R008643,0.4956355617182994,0
R000898,0.5487711469763746,1
R001299,0.4458343350048221,0
R001672,0.6682387411444678,1
R002220,0.40385858042431116,0
R002266,0.35659562221811225,0
R002853,0.17206253515421222,0
R004844,0.45388123196658325,0
R005491,0.3815387909056523,0
R006792,0.5762744294615425,1
R001079,0.614430497222625,1
R001608,0.20962868047965372,0
R001721,0.4822886924285338,0
R001778,0.564543826083751,1
R003827,0.6253106446020219,1
R003911,0.6485529538944088,1
R005799,0.13792667657108248,0
R007189,0.6795277403336873,1
R007643,0.46393826613032035,0
R008623,0.7106717314239445,1
R000555,0.51718693568834,1
R001498,0.40663798418845515,0
R001625,0.2078183366445023,0
R004302,0.4302563786023448,0
R006369,0.6458505952991453,1
R006957,0.5767345754348611,1
R007878,0.39778726887417576,0
R008434,0.5883946436243089,1
R008823,0.40688966145188343,0
R009170,0.6250545770545863,1
R009705,0.31065073081393946,0
R001870,0.6259356996044756,1
R002123,0.30342478600510964,0
R002255,0.9198519134260145,1
R003909,0.6186464547030968,1
R005231,0.561029916213876,1
R005801,0.5905824841924748,1
R005981,0.6418692318398762,1
R006859,0.6250296254377643,1
R009403,0.4641244662384051,0
R009528,0.47441271438935767,0
R009808,0.6324047359519197,1
R001987,0.27591646351324783,0
R005443,0.539059999967745,1
R006743,0.327881232737047,0
R007262,0.576215531031096,1
R007611,0.4966980852660321,0
R009620,0.4608459520501096,0
R000094,0.580517778271527,1
R000285,0.66468294822332,1
R000771,0.21122653809717,0
R001130,0.5967468711593724,1
R001402,0.2555181451299812,0
R001703,0.5629208068539554,1
R001904,0.5026099377610908,1
R002371,0.5149302247331307,1
R002563,0.18331603666652918,0
R004154,0.6920323558833468,1
R007928,0.6616539200798991,1
R007968,0.3454364269175358,0
R008285,0.6082922743469028,1
R000599,0.3466335315484791,0
R000769,0.39560253143876367,0
R002250,0.5936700468029131,1
R003687,0.23563350467147298,0
R007629,0.17949558870740376,0
R008278,0.6346215942363423,1
R001988,0.5966469110091422,1
R002094,0.7301702798537096,1
R003252,0.3613787478609547,0
R003521,0.4428299549815391,0
R003737,0.2692696294192698,0
R006302,0.6210403607657133,1
R006852,0.22791901434178022,0
R009427,0.48376991929112323,0
R000413,0.5566418493889804,1
R004045,0.44164534494784147,0
R005623,0.1869614679996714,0
R005668,0.35858159193272504,0
R006506,0.48899441839761126,0
R007855,0.67708794995089,1
R008687,0.4598238438077369,0
R009146,0.6970379064084052,1
R009547,0.38881240167826964,0
R000330,0.4265512917757553,0
R003865,0.28718773105868217,0
R004084,0.18667983420546994,0
R004363,0.5081349349100858,1
R007021,0.41261267400302554,0
R007605,0.5290837910815681,1
R009592,0.5056251424445314,1
R009807,0.42042949205423646,0
R001412,0.7018503274613457,1
R005683,0.6202815634120223,1
R006203,0.63330855470939,1
R007509,0.5595146496480035,1
R008144,0.33417739270616503,0
R000031,0.6787325864535072,1
R000381,0.21060452574622832,0
R002009,0.6226604511879004,1
R002206,0.3995222370082048,0
R002488,0.510183138460842,1
R003589,0.27495372519519057,0
R004094,0.6250827262108936,1
R004965,0.6279654232383964,1
R006248,0.6399432781378652,1
R006418,0.5970461932112114,1
R009688,0.4818428635679537,0
R000373,0.5628597085328607,1
R002516,0.5344492854672787,1
R002707,0.37360918224339035,0
R003873,0.49180250621982363,0
R004364,0.6283222786784228,1
R008372,0.3403714096034326,0
R008839,0.6085306190558225,1
R009121,0.6203411130637108,1
R004703,0.8191025462596955,1
R004962,0.5652218789444037,1
R005079,0.6421815854317455,1
R005550,0.25419048247283343,0
R005813,0.5141012706379817,1
R006077,0.654699931231756,1
R008167,0.5231563569708022,1
R002326,0.6158968228079488,1
R002339,0.4706388093726301,0
R002683,0.2596932586507887,0
R005274,0.5260083251677602,1
R005891,0.7073647733729009,1
R007903,0.2198520832316862,0
R008137,0.43716569995298377,0
R000313,0.6399995550847519,1
R003005,0.2619582233732203,0
R004433,0.18548317942580436,0
R004930,0.2948762476247401,0
R005939,0.4130772800309702,0
R006545,0.2804283322212058,0
R008216,0.5006168517045646,1
R000374,0.6661658046063687,1
R002050,0.630456343810445,1
R002699,0.39881252703880354,0
R002939,0.5904227452029797,1
R003939,0.7841013594932073,1
R006524,0.2520125724975099,0
R007289,0.5290601269347883,1
R008103,0.35451209693432917,0
R008691,0.3720544204655799,0
R002340,0.7173897553225815,1
R003283,0.5197150340107877,1
R004370,0.26639350066671735,0
R005927,0.6092204608032376,1
R005971,0.1652422452717105,0
R006357,0.41489667196341934,0
R008855,0.3089040801492705,0
R000269,0.6042141688972078,1
R000289,0.24213655852879512,0
R000890,0.34649946838102186,0
R002018,0.6303579311686187,1
R003603,0.5236932973058961,1
R005819,0.5166705807683005,1
R007259,0.5531140284970052,1
R007617,0.4067342561848945,0
R008129,0.6732008162930992,1
R008383,0.48363924030610955,0
R008741,0.2107284790030871,0
R009306,0.5009671573644388,1
R000054,0.5936881286977232,1
R001253,0.3190719835936767,0
R003425,0.32450058142889493,0
R004919,0.7258952779463377,1
R006263,0.44110886956702766,0
R006313,0.6770975934943273,1
R009140,0.5558186531671317,1
R000546,0.25158149936917407,0
R001404,0.4961486816460518,0
R002987,0.18318161767283173,0
R003018,0.6299715408357917,1
R003641,0.28979968515778315,0
R003818,0.5864673859139637,1
R005957,0.35200491961009533,0
R006556,0.7047199555179893,1
R008877,0.2536830980721763,0
R009495,0.24476293337872965,0
R009496,0.5424290949187899,1
R009715,0.418110843742332,0
R009752,0.51210014571372,1
R001469,0.2389446957733224,0
R002028,0.5005354748827736,1
R003101,0.5822859891961149,1
R004023,0.36931474652356167,0
R006063,0.21445483070888866,0
R006150,0.6163083391142744,1
R009702,0.5844462149064102,1
R000072,0.5212139228838275,1
R000725,0.3144561787729231,0
R001568,0.6385977257835787,1
R006920,0.5663471222690771,1
R008405,0.6125586671312082,1
R000318,0.4890835282897803,0
R003056,0.48300566167187364,0
R003467,0.5049634310058769,1
R006036,0.31094396895470405,0
R007348,0.47908195833302886,0
R007482,0.500365588576954,1
R007483,0.6372909564189025,1
R007621,0.7149289550855015,1
R007890,0.5053714121621807,1
R008711,0.5746951174949272,1
R009767,0.26651051700470363,0
R001884,0.434451515373652,0
R002946,0.40649888574104615,0
R005074,0.5696723348649141,1
R005530,0.6871606443536863,1
R006512,0.5869616442527575,1
R007975,0.2970224678889134,0
R008356,0.236321481683981,0
R008684,0.6489981424981327,1
R008960,0.6411835414948606,1
R000312,0.2051923321770188,0
R001024,0.3470745157776414,0
R001570,0.6188928929000299,1
R002019,0.6664402389985594,1
R002291,0.21077638129427667,0
R003093,0.637415325058726,1
R003202,0.3304356091723957,0
R004407,0.5640058323098699,1
R006157,0.46224614013917636,0
R006227,0.7953575944324094,1
R007274,0.6950985499569483,1
R008195,0.6159836843092339,1
R008518,0.5106045348805572,1
R009319,0.5776039336546134,1
R009396,0.4594720089599186,0
R000272,0.5220057182326967,1
R000511,0.2657029439998423,0
R001138,0.43299688590315144,0
R005641,0.36281100300429475,0
R005667,0.4350618151694355,0
R007700,0.5799404019216393,1
R008376,0.3669248377354686,0
R008656,0.5981082738039057,1
R008889,0.6665066704536309,1
R009128,0.47445512176166726,0
R001347,0.5214573486968066,1
R001616,0.33256269815698986,0
R003464,0.5337470488278777,1
R003533,0.6887667629265601,1
R003755,0.34647596355241633,0
R003886,0.5560783179913458,1
R005596,0.46269116285220424,0
R006618,0.17715429923937773,0
R006765,0.39075219547153367,0
R000635,0.39751290640153986,0
R002093,0.474946109916543,0
R004392,0.4805356546754854,0
R006323,0.43769299734039296,0
R007754,0.28223430834334,0
R008989,0.6680179665827629,1
R009434,0.27248333506048766,0
R004426,0.3174846312899197,0
R004580,0.3554936434190952,0
R006408,0.29038961000627067,0
R007439,0.21584291329647393,0
R007513,0.6410392756976362,1
R009542,0.684060739762087,1
R001075,0.38300388000556296,0
R001748,0.43753115069416326,0
R002526,0.31063809738335557,0
R002545,0.6907607770666476,1
R002631,0.3019513843711549,0
R005066,0.46792481538762404,0
R007290,0.40276312404064313,0
R007382,0.608310695559623,1
R007772,0.44457902337134814,0
R009955,0.6095137743470295,1
R001551,0.4206011013906758,0
R003717,0.44686734013857216,0
R005647,0.6825760965874748,1
R006568,0.5462964218789786,1
R006857,0.615814945490237,1
R006861,0.698415955181382,1
R007105,0.3594966322370199,0
R008010,0.4006093371052742,0
R008029,0.6147933123444294,1
R008546,0.38148570354385514,0
R009782,0.13094163588655963,0
R000907,0.6614987629146454,1
R001155,0.5975115302061872,1
R003920,0.2651504838828377,0
R005738,0.312026812681178,0
R008496,0.3168335827232049,0
R008678,0.18145327025588456,0
R009450,0.6917553838636027,1
R009677,0.6381763053012832,1
R001867,0.30373023490369455,0
R003972,0.4445852760491732,0
R005116,0.5031118373134987,1
R005781,0.5638136193701953,1
R006103,0.44554042476577566,0
R007697,0.6336785131948056,1
R008068,0.32399180062271793,0
R000781,0.5560973679885552,1
R002665,0.5376635356572596,1
R005537,0.5086823026135825,1
R005761,0.2123122892879967,0
R006635,0.45928956142150806,0
R006651,0.17445696507998748,0
R006685,0.1476972284567734,0
R007215,0.6145639588877052,1
R008871,0.47081162636844837,0
R009089,0.48382279374808224,0
R009548,0.15881912620581198,0
R001008,0.5341164053469497,1
R001262,0.5876127288233056,1
R001464,0.530898674989905,1
R001506,0.673146866538208,1
R002492,0.6694526061622913,1
R002806,0.3651042610370964,0
R003359,0.7181015917858209,1
R003389,0.3340589690765672,0
R003678,0.5775961211000048,1
R004505,0.22750173029130907,0
R005675,0.45265675915386283,0
R006111,0.5090369841201539,1
R007876,0.4108443229658351,0
R009507,0.21005024979459266,0
R009851,0.6074751118581285,1
R001087,0.6818262388632194,1
R008126,0.4810319464999704,0
R009959,0.3600493005155805,0
R000482,0.4663761220809079,0
R000938,0.6297686967588586,1
R001688,0.6767065856884297,1
R001878,0.3775558024631636,0
R002101,0.6825595020852457,1
R002286,0.5615151797265713,1
R002729,0.3340318992195497,0
R002756,0.6299252721583962,1
R004424,0.46720128743821915,0
R009062,0.30195876165921187,0
R001243,0.5276401317648823,1
R001911,0.4216682534412416,0
R001968,0.6866186463336482,1
R002182,0.5380189808891404,1
R002776,0.5633233367005289,1
R003443,0.2787778290045373,0
R006510,0.49438310882689807,0
R006898,0.3134097361615684,0
R007284,0.30308611879264985,0
R008544,0.3801032208181209,0
R009237,0.66120572333023,1
R009673,0.7052634541458503,1
R009722,0.4241611895010587,0
R002049,0.5726304428678005,1
R002081,0.709390993090684,1
R008739,0.8449821688520551,1
R009272,0.5521810610424691,1
R000115,0.5359213734926543,1
R000250,0.4691221013894919,0
R000951,0.2976669786368335,0
R001595,0.5185606744983258,1
R003082,0.41488907033449307,0
R003742,0.15694296292439308,0
R004819,0.3276915239858594,0
R005126,0.6404354784462265,1
R005467,0.781200580857402,1
R006127,0.5776401856232228,1
R007327,0.5211235112806212,1
R007726,0.3135518914956073,0
R008181,0.588555137227264,1
R005025,0.3246584226214646,0
R005499,0.3658447376693326,0
R005520,0.24140695622861358,0
R007319,0.6057779538150867,1
R000627,0.527013237344692,1
R001538,0.5337180017103166,1
R004513,0.4991850094433269,0
R004550,0.25025496935559766,0
R005435,0.4889047239217834,0
R006624,0.45897448655368284,0
R007004,0.44857802029942156,0
R009346,0.39035946863924376,0
R000540,0.5543107687917521,1
R000842,0.5539217495565334,1
R001993,0.6693916298507144,1
R003081,0.4940609724770143,0
R004180,0.5585169106693858,1
R005083,0.508903693716136,1
R005833,0.3974376180913915,0
R007623,0.45633010137751695,0
R007953,0.8051535707981724,1
R008342,0.679321948755276,1
R008793,0.5977605971521875,1
R000324,0.5467849289365438,1
R001328,0.6391950039552429,1
R001339,0.6527157653302837,1
R002348,0.544334146067727,1
R005151,0.3551839047458821,0
R005284,0.6294701376743536,1
R005882,0.2706626022329104,0
R006591,0.6075170474921804,1
R006785,0.6724416605965541,1
R008636,0.4237130139970071,0
R000665,0.2578448915234122,0
R000925,0.19627280293721722,0
R002138,0.5555370641524056,1
R003070,0.6444386824906525,1
R005461,0.6509733455060666,1
R005815,0.29563981430329406,0
R007845,0.3750552413443138,0
R008333,0.5330101429519593,1
R009256,0.5676172494550489,1
R000952,0.5220104463421152,1
R001295,0.542044606612176,1
R001979,0.26163680712408033,0
R002820,0.4630397451658597,0
R003571,0.28066789119482555,0
R003634,0.6181745829682906,1
R006086,0.2754158556100294,0
R007228,0.4612124651143609,0
R007956,0.41113253248789566,0
R000188,0.3513447561220608,0
R000634,0.44327450921305406,0
R002764,0.7107412289276963,1
R003541,0.35570495044503964,0
R007271,0.5609185564890365,1
R008406,0.2830759668360782,0
R004679,0.6959284472426996,1
R005549,0.4725381909064752,0
R005685,0.3156316283465424,0
R006970,0.6702480270121413,1
R007286,0.642068630291124,1
R007490,0.588745638777704,1
R000748,0.349981857630792,0
R002647,0.565940162185609,1
R003025,0.2199049738041059,0
R006523,0.42597319869098793,0
R007059,0.29020964180597447,0
R007813,0.5960239600324674,1
R009205,0.4830636697751527,0
R001221,0.6575462190704855,1
R001265,0.4212148133494676,0
R002056,0.5625347288581731,1
R003463,0.5934338656573681,1
R004414,0.685963435030974,1
R005509,0.5321683991444967,1
R006705,0.5569304459498688,1
R008450,0.3797644806757677,0
R009007,0.26693339153500073,0
R009228,0.34457099816266934,0
R001682,0.4520397794969955,0
R004626,0.25739711821999983,0
R004706,0.5723145033411808,1
R004741,0.27271832986012784,0
R004842,0.4969130307121445,0
R002553,0.4308050814777033,0
R004715,0.24046146484522668,0
R006814,0.6600706618940594,1
R007701,0.5034900901698065,1
R001264,0.419950998210139,0
R001365,0.3474787757584461,0
R003174,0.6087045543952975,1
R003207,0.6485924264637586,1
R003746,0.46375844116810855,0
R003954,0.3578038032952974,0
R004913,0.6883717113143455,1
R005204,0.1031770184208389,0
R005360,0.4946687664663931,0
R006383,0.44903393745333736,0
R007674,0.18911597376531547,0
R001353,0.45290316094412403,0
R002128,0.7187258618594078,1
R002612,0.6663358786498366,1
R003525,0.5213004511891407,1
R003951,0.6239057118590291,1
R004471,0.7044707885172073,1
R008092,0.3038030282793058,0
R008315,0.337764135670182,0
R009106,0.5152907406426511,1
R000905,0.5429441746879612,1
R002824,0.6032635125769729,1
R004164,0.5220052578532858,1
R005186,0.5876230410542076,1
R008176,0.1734840789606238,0
R001017,0.7622704644976412,1
R003803,0.5199175942033337,1
R004158,0.6445524154110995,1
R004403,0.4963970731075996,0
R005344,0.5655714937558582,1
R005427,0.5641478847106756,1
R006015,0.29440913023098775,0
R008286,0.22646649001644054,0
R008289,0.5541650047404174,1
R009282,0.5221370364882473,1
R009451,0.6287341042878796,1
R000248,0.2541862241751916,0
R000337,0.6190135542398617,1
R002888,0.5600873540082133,1
R003706,0.5257256890921785,1
R005283,0.4585337893881704,0
R006085,0.2747666142393188,0
R006092,0.10078668755252738,0
R008194,0.560016134013034,1
R008377,0.47388858653687993,0
R009474,0.4095348138975681,0
R000160,0.12514898099670965,0
R002413,0.5781790160138216,1
R005473,0.22743229218249505,0
R007108,0.6210538943815721,1
R009257,0.6129988396688573,1
R000780,0.32365042755072143,0
R003624,0.2598618976311523,0
R003728,0.6362593393640085,1
R004120,0.6933563999371068,1
R005092,0.5233917537896129,1
R005484,0.5095288401536547,1
R005796,0.6294180386973136,1
R006699,0.581094948510357,1
R001807,0.39789335422259875,0
R001916,0.46374863734531596,0
R002890,0.25616531027029105,0
R003574,0.289470634941204,0
R003926,0.25635420743338616,0
R004097,0.428733259415257,0
R004274,0.5680391248065974,1
R005970,0.49233773477524917,0
R005995,0.2610701247995042,0
R009944,0.37411872233792565,0
R000449,0.49788264539926785,0
R001686,0.36076644960844845,0
R001959,0.577442897697672,1
R003488,0.4081328175328616,0
R004128,0.6128913195533845,1
R006149,0.36439579265253935,0
R006820,0.4764712940984004,0
R008120,0.5663936787645379,1
R009317,0.5641601794595619,1
R000310,0.26693244710371655,0
R001477,0.44916419706011007,0
R002109,0.5844915769907707,1
R003001,0.565569836503862,1
R003484,0.3214875552655449,0
R003990,0.5475373657506819,1
R006992,0.6554607422958489,1
R009090,0.4606998036455262,0
R009171,0.21776947676471575,0
R000577,0.669553481982306,1
R001023,0.6256450455851794,1
R004690,0.6660183883241901,1
R005004,0.553104113248104,1
R005139,0.5524065163266972,1
R005243,0.6311509617053649,1
R005696,0.34325510093665734,0
R006848,0.5099886530662349,1
R000216,0.5200576369374559,1
R002681,0.17796199051658723,0
R003519,0.32213201896507054,0
R006716,0.25112328682838647,0
R009360,0.6817380462899814,1
R000131,0.47149878666867384,0
R003523,0.2792826228580996,0
R003854,0.47091850262337925,0
R005497,0.24651445201436598,0
R006363,0.4747834496449547,0
R007992,0.5764580636870116,1
R009175,0.22431934356725958,0
R000385,0.3155648933731804,0
R000438,0.19620281231350828,0
R003336,0.4711501330891996,0
R004697,0.6156259827616594,1
R005848,0.7191369258335853,1
R005972,0.29455003578355593,0
R008619,0.4176481781117182,0
R001523,0.7173799859769575,1
R003048,0.5119341102203466,1
R003622,0.5176291874522969,1
R004208,0.5945863114732209,1
R005915,0.46315804595105103,0
R006158,0.639049048644877,1
R009906,0.5635748943793436,1
R001623,0.1306160316725826,0
R002045,0.3580196206327262,0
R002743,0.6147796465232197,1
R004462,0.6327846307775721,1
R005854,0.7169076706364707,1
R006068,0.554093967175807,1
R008841,0.4874215370945615,0
R008892,0.4562174789619731,0
R008936,0.2664413359712893,0
R000574,0.5985564289183634,1
R002763,0.3793056101149907,0
R003375,0.28878516434663287,0
R003492,0.6861776831076173,1
R003988,0.48885769104700416,0
R004938,0.5717593314129878,1
R005015,0.6213099895323798,1
R005038,0.4485159942517124,0
R009971,0.20638150519703105,0
R009985,0.499388682376844,0
R000621,0.4015109499076038,0
R000673,0.25838952964621464,0
R002777,0.6625083136261262,1
R003481,0.3183053643489281,0
R003552,0.46529192382738094,0
R004107,0.4190179965615345,0
R006034,0.6074861353956187,1
R006810,0.49122571201236465,0
R007114,0.6562066590511539,1
R008933,0.2213057018196054,0
R009353,0.3662275358577659,0
R009743,0.6167063488263028,1
R000339,0.5583327662249289,1
R005006,0.2204968000272586,0
R006002,0.7369604997890141,1
R007360,0.3975517639951592,0
R008175,0.618125010690349,1
R008730,0.6414703961054836,1
R009181,0.5826144864377563,1
R009472,0.7525619070663623,1
R009517,0.5668649159628311,1
R000180,0.15394078690292792,0
R001039,0.5999100697601125,1
R001069,0.3643749259440892,0
R004798,0.360655450592236,0
R004801,0.5282527047163762,1
R005887,0.5390158909409394,1
R006457,0.6124666734203542,1
R006594,0.5516397906734143,1
R006755,0.6727257727785719,1
R008320,0.48827484082739375,0
R009397,0.5774936777452437,1
R009445,0.2460476689057917,0
R000848,0.2688443563933792,0
R000937,0.5037965678388991,1
R002632,0.271227925309218,0
R003139,0.45287231006288103,0
R005229,0.15442345847653913,0
R007612,0.5014533836433002,1
R007949,0.5550159492603173,1
R009447,0.28799733598604266,0
R009634,0.4464499916155884,0
R000239,0.7028403396865993,1
R000614,0.48646971817651663,0
R001801,0.6253969275881693,1
R002364,0.5631821824223315,1
R002469,0.5928790971754943,1
R004214,0.5492940417435361,1
R005313,0.35147628615690624,0
R005490,0.625393497933362,1
R005938,0.5603678558354528,1
R006662,0.3548593318027239,0
R007187,0.4203606432114039,0
R007467,0.33871839037274964,0
R001364,0.5900439840303473,1
R001999,0.6577917192545665,1
R002015,0.11287343235261613,0
R004470,0.1968306228974432,0
R005521,0.1852102302511207,0
R006966,0.4852705132540685,0
R008481,0.5699782950152592,1
R002487,0.45899001862128336,0
R002919,0.39465491016532783,0
R003811,0.30241024361767366,0
R005669,0.4875971886619408,0
R007064,0.267236891579177,0
R007339,0.3681555868422628,0
R008392,0.4844461621463635,0
R008624,0.6465867828987881,1
R002713,0.4411382450491882,0
R007293,0.6011793169654482,1
R007440,0.23788557806043803,0
R007833,0.6112592870596023,1
R008214,0.5123755119183612,1
R002540,0.4599879623584832,0
R003253,0.5784410008672379,1
R005403,0.5739865608904905,1
R006735,0.6752299380880131,1
R007137,0.33982917351094927,0
R002969,0.6777293733544089,1
R003370,0.5008378832097674,1
R003451,0.5707758006358472,1
R005751,0.4807569222143773,0
R005752,0.30331080462690185,0
R006090,0.25686175839555075,0
R007394,0.3600349797647427,0
R008273,0.40348169232181336,0
R008861,0.34588184111195847,0
R009586,0.42559050750044175,0
R000502,0.19087394972394997,0
R000537,0.3705360815080184,0
R002797,0.7514999152732533,1
R004143,0.2781086806775862,0
R005959,0.5438155048052198,1
R007574,0.21885439382813823,0
R008786,0.5935857909011758,1
R008904,0.564589283656696,1
R000364,0.6049196615616289,1
R001273,0.5383256070066835,1
R002589,0.7289804092151647,1
R003586,0.24852395992207468,0
R003880,0.5004857340882113,1
R004756,0.736593482216901,1
R006414,0.352045008156226,0
R006601,0.6945565598853141,1
R007885,0.3732023105056447,0
R008430,0.33628269645896525,0
R008803,0.46635901573213556,0
R009241,0.4805210237024728,0
R009558,0.5203389450237106,1
R009631,0.42080811249186684,0
R000345,0.46375042754599016,0
R001454,0.28496670833380733,0
R003058,0.521113040981496,1
R003683,0.5713288409967655,1
R004126,0.5600177271468816,1
R004484,0.5708898823100333,1
R005029,0.267875878929822,0
R005214,0.7472625732640016,1
R005829,0.3939496081280451,0
R006096,0.41876063032480665,0
R007652,0.5210636677475894,1
R007722,0.3800774446034311,0
R008631,0.6754000677804579,1
R009632,0.4487485415743844,0
R001577,0.4151534943923965,0
R004686,0.5991214448115705,1
R006116,0.6550519833682112,1
R007797,0.4828765586098427,0
R009701,0.5367438184735983,1
R001809,0.6478264601827525,1
R001853,0.7940647430483467,1
R001903,0.24103028173452387,0
R002717,0.5120360953381351,1
R004420,0.5273498171648251,1
R005119,0.6455692029295008,1
R005587,0.5014625934492752,1
R007762,0.483718505514075,0
R008013,0.25357729633279985,0
R008992,0.5411356033855326,1
R009536,0.41631448666854776,0
R009680,0.5163280953627519,1
R000183,0.31465949935550247,0
R000386,0.6182326779098097,1
R001244,0.5246407077041649,1
R002587,0.5084594497978709,1
R005722,0.48401978486089553,0
R007898,0.546987726747174,1
R008160,0.4583821234919713,0
R008422,0.4980053242477354,0
R008848,0.46742758263552586,0
R009869,0.7105717992479802,1
